{
	"folder_name": "latihan_theme",
	"name": "Latihan Theme",
	"theme_version": "1.0",
	"cms_version": "1.0",
	"tags": "latihan, black and white",
	"author": "Nitza Alfinas",
	"email": "itsme@nitzaalfinas.com",
	"url": "http://bukuaku.com/buku/pendekar_ruby_on_rails",
	"description": "Ini adalah theme latihan dari buku Pendekar Ruby on Rails",
	"license": "MIT",
	"css_files": [],
	"js_files": [],
	"supplements": [
		{ "copy_type": "folder", "name": "stylesheets", "copy_to": "public" },
		{ "copy_type": "folder", "name": "javascripts", "copy_to": "public" }
	]
}